path,case,result
public-transfer,valid certificate,ACCEPT
public-transfer,wrong session,REJECT
public-transfer,tampered certificate,REJECT
public-transfer,tampered proof,REJECT
public-transfer,missing live registry after reset,REJECT
public-transfer,wrong registry anchor,REJECT
private-localization,upstream faulty / downstream honest,UPSTREAM
private-localization,frame downstream honest prover,REJECT
activation-binding,sealed activation tamper,REJECT
scope-binding,detached transport scope,REJECT
state-binding,attested state drift,REJECT
