q,fault,iteration,depth,subset_checks,batch_ns,dispute_ns,batch_auth_sent_bytes,dispute_auth_sent_bytes,batch_control_sent_bytes,dispute_control_sent_bytes,accused_owner,accused_object
4,first,1,2,2,87268500,138842140,90048,149736,0,0,0,800000
4,last,1,2,4,85254278,277600907,90048,297816,0,0,3,1100000
4,last,2,2,4,83738558,277281917,90048,297816,0,0,3,1100000
4,first,2,2,2,87816110,138797673,90048,149736,0,0,0,800000
4,first,3,2,2,89186359,138784557,90048,149736,0,0,0,800000
4,last,3,2,4,91142312,277637640,90048,297816,0,0,3,1100000
4,last,4,2,4,89861891,277417966,90048,297816,0,0,3,1100000
4,first,4,2,2,91377797,140205799,90048,149736,0,0,0,800000
4,first,5,2,2,86113817,138650241,90048,149736,0,0,0,800000
4,last,5,2,4,88652794,277654246,90048,297816,0,0,3,1100000
4,last,6,2,4,87969868,277235755,90048,297816,0,0,3,1100000
4,first,6,2,2,88216161,140664617,90048,149736,0,0,0,800000
4,first,7,2,2,88068778,139180795,90048,149736,0,0,0,800000
4,last,7,2,4,86210561,277381861,90048,297816,0,0,3,1100000
4,last,8,2,4,88334980,277531266,90048,297816,0,0,3,1100000
4,first,8,2,2,89304799,138765008,90048,149736,0,0,0,800000
4,first,9,2,2,85491553,138653324,90048,149736,0,0,0,800000
4,last,9,2,4,86150509,277633644,90048,297816,0,0,3,1100000
4,last,10,2,4,89373091,277516395,90048,297816,0,0,3,1100000
4,first,10,2,2,85327717,140680645,90048,149736,0,0,0,800000
8,first,1,3,3,99539216,217355031,104448,232776,0,0,0,800000
8,last,1,3,6,99172288,435046588,104448,463896,0,0,3,1100001
8,last,2,3,6,100845628,435524059,104448,463896,0,0,3,1100001
8,first,2,3,3,103379567,216746071,104448,232776,0,0,0,800000
8,first,3,3,3,103211165,216896181,104448,232776,0,0,0,800000
8,last,3,3,6,99529739,435166034,104448,463896,0,0,3,1100001
8,last,4,3,6,103380056,435104061,104448,463896,0,0,3,1100001
8,first,4,3,3,148733532,219217747,104448,232776,0,0,0,800000
8,first,5,3,3,101222573,216736624,104448,232776,0,0,0,800000
8,last,5,3,6,100757574,435109628,104448,463896,0,0,3,1100001
8,last,6,3,6,98514452,434834551,104448,463896,0,0,3,1100001
8,first,6,3,3,98970179,216985399,104448,232776,0,0,0,800000
8,first,7,3,3,97290905,216878395,104448,232776,0,0,0,800000
8,last,7,3,6,100204109,434852635,104448,463896,0,0,3,1100001
8,last,8,3,6,99147106,439769848,104448,463896,0,0,3,1100001
8,first,8,3,3,104774034,216685500,104448,232776,0,0,0,800000
8,first,9,3,3,182890060,216917640,104448,232776,0,0,0,800000
8,last,9,3,6,98318281,435026827,104448,463896,0,0,3,1100001
8,last,10,3,6,102854393,435015853,104448,463896,0,0,3,1100001
8,first,10,3,3,99970987,218983414,104448,232776,0,0,0,800000
16,first,1,4,4,126999976,309089538,133248,330216,0,0,0,800000
16,last,1,4,8,125966878,622202878,133248,658776,0,0,3,1100003
16,last,2,4,8,129622781,622350967,133248,658776,0,0,3,1100003
16,first,2,4,4,131899507,309600437,133248,330216,0,0,0,800000
16,first,3,4,4,129208190,309260722,133248,330216,0,0,0,800000
16,last,3,4,8,127583175,629420977,133248,658776,0,0,3,1100003
16,last,4,4,8,131453482,622466471,133248,658776,0,0,3,1100003
16,first,4,4,4,125688359,309205829,133248,330216,0,0,0,800000
16,first,5,4,4,130495372,308951243,133248,330216,0,0,0,800000
16,last,5,4,8,124559833,622407980,133248,658776,0,0,3,1100003
16,last,6,4,8,127541127,622155319,133248,658776,0,0,3,1100003
16,first,6,4,4,128159532,312861429,133248,330216,0,0,0,800000
16,first,7,4,4,130972841,315992243,133248,330216,0,0,0,800000
16,last,7,4,8,127279764,622303996,133248,658776,0,0,3,1100003
16,last,8,4,8,127715473,622734362,133248,658776,0,0,3,1100003
16,first,8,4,4,129411278,309248111,133248,330216,0,0,0,800000
16,first,9,4,4,133365214,309063910,133248,330216,0,0,0,800000
16,last,9,4,8,130473030,622053897,133248,658776,0,0,3,1100003
16,last,10,4,8,127724862,622604072,133248,658776,0,0,3,1100003
16,first,10,4,4,129615822,309207590,133248,330216,0,0,0,800000
32,first,1,5,5,183063210,431135464,190848,456456,0,0,0,800000
32,last,1,5,10,185905971,873496594,190848,911256,0,0,3,1100007
32,last,2,5,10,182107593,873653523,190848,911256,0,0,3,1100007
32,first,2,5,5,182869917,430920853,190848,456456,0,0,0,800000
32,first,3,5,5,182275784,431950469,190848,456456,0,0,0,800000
32,last,3,5,10,180918573,876413368,190848,911256,0,0,3,1100007
32,last,4,5,10,182425508,883155744,190848,911256,0,0,3,1100007
32,first,4,5,5,182159007,430840738,190848,456456,0,0,0,800000
32,first,5,5,5,184439861,430874036,190848,456456,0,0,0,800000
32,last,5,5,10,183868312,872210236,190848,911256,0,0,3,1100007
32,last,6,5,10,181476498,871439248,190848,911256,0,0,3,1100007
32,first,6,5,5,184865196,430744976,190848,456456,0,0,0,800000
32,first,7,5,5,180164935,430732314,190848,456456,0,0,0,800000
32,last,7,5,10,182314774,871339016,190848,911256,0,0,3,1100007
32,last,8,5,10,186439636,882897401,190848,911256,0,0,3,1100007
32,first,8,5,5,184115656,432065102,190848,456456,0,0,0,800000
32,first,9,5,5,182239731,430724450,190848,456456,0,0,0,800000
32,last,9,5,10,182838243,872510179,190848,911256,0,0,3,1100007
32,last,10,5,10,184459160,872102903,190848,911256,0,0,3,1100007
32,first,10,5,5,184792002,430580490,190848,456456,0,0,0,800000
64,first,1,6,6,290260789,607823070,306048,640296,0,0,0,800000
64,last,1,6,12,292219928,1234883912,306048,1278936,0,0,3,1100015
64,last,2,6,12,290755404,1234651025,306048,1278936,0,0,3,1100015
64,first,2,6,6,289099947,608613776,306048,640296,0,0,0,800000
64,first,3,6,6,295041524,608330478,306048,640296,0,0,0,800000
64,last,3,6,12,289465840,1233945775,306048,1278936,0,0,3,1100015
64,last,4,6,12,287411431,1231901809,306048,1278936,0,0,3,1100015
64,first,4,6,6,292222101,605655129,306048,640296,0,0,0,800000
64,first,5,6,6,293529249,604994446,306048,640296,0,0,0,800000
64,last,5,6,12,295514217,1253031652,306048,1278936,0,0,3,1100015
64,last,6,6,12,293207889,1234405725,306048,1278936,0,0,3,1100015
64,first,6,6,6,294420707,606795582,306048,640296,0,0,0,800000
64,first,7,6,6,290358794,608456462,306048,640296,0,0,0,800000
64,last,7,6,12,292444928,1232849002,306048,1278936,0,0,3,1100015
64,last,8,6,12,290095754,1235545978,306048,1278936,0,0,3,1100015
64,first,8,6,6,288264738,608683807,306048,640296,0,0,0,800000
64,first,9,6,6,290407281,607917682,306048,640296,0,0,0,800000
64,last,9,6,12,289804729,1236407086,306048,1278936,0,0,3,1100015
64,last,10,6,12,291605672,1234374276,306048,1278936,0,0,3,1100015
64,first,10,6,6,291886107,607849561,306048,640296,0,0,0,800000
