q,fault,metric,mean,median,p95,stddev
4,first,batch_ns,87817159.1,87942444.0,90444947.9,1879615.9655056875
4,first,dispute_ns,139322479.9,138819906.5,140673432.4,846708.0765463187
4,first,batch_auth_sent_bytes,90048.0,90048.0,90048.0,0.0
4,first,dispute_auth_sent_bytes,149736.0,149736.0,149736.0,0.0
4,first,subset_checks,2.0,2.0,2.0,0.0
4,first,depth,2.0,2.0,2.0,0.0
4,last,batch_ns,87668884.2,88152424.0,90566122.55,2284989.9251934374
4,last,dispute_ns,277489159.7,277523830.5,277646773.3,152360.24293032908
4,last,batch_auth_sent_bytes,90048.0,90048.0,90048.0,0.0
4,last,dispute_auth_sent_bytes,297816.0,297816.0,297816.0,0.0
4,last,subset_checks,4.0,4.0,4.0,0.0
4,last,depth,2.0,2.0,2.0,0.0
8,first,batch_ns,113998221.8,102216869.0,167519622.39999998,28559585.046348978
8,first,dispute_ns,217340200.2,216906910.5,219112297.15,947882.8880762293
8,first,batch_auth_sent_bytes,104448.0,104448.0,104448.0,0.0
8,first,dispute_auth_sent_bytes,232776.0,232776.0,232776.0,0.0
8,first,subset_checks,3.0,3.0,3.0,0.0
8,first,depth,3.0,3.0,3.0,0.0
8,last,batch_ns,100272362.6,99866924.0,103143507.65,1726586.2934995426
8,last,dispute_ns,435545008.4,435075324.5,437859242.95,1496603.2562383243
8,last,batch_auth_sent_bytes,104448.0,104448.0,104448.0,0.0
8,last,dispute_auth_sent_bytes,463896.0,463896.0,463896.0,0.0
8,last,subset_checks,6.0,6.0,6.0,0.0
8,last,depth,3.0,3.0,3.0,0.0
16,first,batch_ns,129581609.1,129513550.0,132705645.85,2272369.288846406
16,first,dispute_ns,310248105.2,309227850.5,314583376.7,2328910.7559574237
16,first,batch_auth_sent_bytes,133248.0,133248.0,133248.0,0.0
16,first,dispute_auth_sent_bytes,330216.0,330216.0,330216.0,0.0
16,first,subset_checks,4.0,4.0,4.0,0.0
16,first,depth,4.0,4.0,4.0,0.0
16,last,batch_ns,127992040.5,127649324.0,131012278.6,2046765.4139256056
16,last,dispute_ns,623070091.9,622379473.5,626412000.25,2240831.841003616
16,last,batch_auth_sent_bytes,133248.0,133248.0,133248.0,0.0
16,last,dispute_auth_sent_bytes,658776.0,658776.0,658776.0,0.0
16,last,subset_checks,8.0,8.0,8.0,0.0
16,last,depth,4.0,4.0,4.0,0.0
32,first,batch_ns,183098529.9,182966563.5,184832258.7,1482464.596632427
32,first,dispute_ns,431056889.2,430857387.0,432013517.15,522804.9683322113
32,first,batch_auth_sent_bytes,190848.0,190848.0,190848.0,0.0
32,first,dispute_auth_sent_bytes,456456.0,456456.0,456456.0,0.0
32,first,subset_checks,5.0,5.0,5.0,0.0
32,first,depth,5.0,5.0,5.0,0.0
32,last,batch_ns,183275426.8,182631875.5,186199486.75,1846191.4457387251
32,last,dispute_ns,874921821.2,873003386.5,883039489.65,4513581.283013617
32,last,batch_auth_sent_bytes,190848.0,190848.0,190848.0,0.0
32,last,dispute_auth_sent_bytes,911256.0,911256.0,911256.0,0.0
32,last,subset_checks,10.0,10.0,10.0,0.0
32,last,depth,5.0,5.0,5.0,0.0
64,first,batch_ns,291549123.7,291146694.0,294762156.35,2263143.209452781
64,first,dispute_ns,607511999.3,607883621.5,608652293.05,1283378.7597316918
64,first,batch_auth_sent_bytes,306048.0,306048.0,306048.0,0.0
64,first,dispute_auth_sent_bytes,640296.0,640296.0,640296.0,0.0
64,first,subset_checks,6.0,6.0,6.0,0.0
64,first,depth,6.0,6.0,6.0,0.0
64,last,batch_ns,291252579.2,291180538.0,294476369.4,2263121.772811706
64,last,dispute_ns,1236199624.0,1234528375.0,1245550597.3000002,6048364.360318176
64,last,batch_auth_sent_bytes,306048.0,306048.0,306048.0,0.0
64,last,dispute_auth_sent_bytes,1278936.0,1278936.0,1278936.0,0.0
64,last,subset_checks,12.0,12.0,12.0,0.0
64,last,depth,6.0,6.0,6.0,0.0
